"Path","Platform","Compiled","Cooked","Permutations","Compiletime","CompiledDouble","CookedDouble"
"Globals","0","2746","0","1","0.000000","0","0"
"/Engine/EngineMaterials/DefaultLightFunctionMaterial.DefaultLightFunctionMaterial","0","25","25","1","10.847153","0","25"
"/ControlRig/Controls/ControlRigGizmoMaterial.ControlRigGizmoMaterial","0","2","2","1","1.445473","0","2"
"/MeshModelingToolset/Materials/M_DynamicMeshComponentVtxColor.M_DynamicMeshComponentVtxColor","0","16","18","1","14.345013","0","18"
"/Engine/EngineDebugMaterials/M_VolumeRenderSphereTracePP.M_VolumeRenderSphereTracePP","0","7","7","1","2.322251","0","7"
"/Engine/EngineMaterials/DefaultPostProcessMaterial.DefaultPostProcessMaterial","0","11","11","1","4.896218","0","11"
"/Engine/EngineSky/VolumetricClouds/m_SimpleVolumetricCloud.m_SimpleVolumetricCloud","0","100","100","1","512.919373","0","100"
"/Engine/EngineMaterials/WorldGridMaterial.WorldGridMaterial","0","706","729","1","451.651489","0","729"
"/Engine/EditorMaterials/PhAT_UnselectedMaterial.PhAT_UnselectedMaterial","0","3","3","1","1.226038","0","3"
"/Engine/EditorMaterials/PhAT_NoCollisionMaterial.PhAT_NoCollisionMaterial","0","3","3","1","2.221145","0","3"
"/Engine/EngineMaterials/GizmoMaterial.GizmoMaterial","0","5","6","1","5.060886","0","6"
"/Engine/EngineDebugMaterials/DebugMeshMaterial.DebugMeshMaterial","0","5","5","1","3.721192","0","5"
"/Engine/EngineMaterials/RemoveSurfaceMaterial.RemoveSurfaceMaterial","0","2","2","1","1.232984","0","2"
"/Engine/EngineMaterials/NaniteHiddenSectionMaterial.NaniteHiddenSectionMaterial","0","25","27","1","25.165703","0","27"
"/Engine/EditorMaterials/Dataflow/DataflowTwoSidedVertexMaterial.DataflowTwoSidedVertexMaterial","0","45","48","1","49.262722","0","48"
"/Engine/EditorMaterials/Dataflow/DataflowVertexMaterial.DataflowVertexMaterial","0","36","36","1","30.046551","0","36"
"/Engine/BasicShapes/BasicShapeMaterial.BasicShapeMaterial","0","63","63","1","57.915672","0","63"
"/ControlRig/Controls/ControlRigXRayMaterial.ControlRigXRayMaterial","0","8","9","1","5.882639","0","9"
"/HairStrands/Materials/HairMeshesDefaultMaterial.HairMeshesDefaultMaterial","0","60","63","1","54.068565","0","63"
"/Engine/EngineMaterials/Widget3DPassThrough.Widget3DPassThrough","0","45","50","6","39.047966","0","50"
"/HairStrands/Materials/HairCardsDefaultMaterial.HairCardsDefaultMaterial","0","92","98","1","81.000465","0","98"
"/HairStrands/Materials/HairDefaultMaterial.HairDefaultMaterial","0","60","63","1","0.000000","0","63"
"/Engine/EngineDebugMaterials/DebugEditorMaterial.DebugEditorMaterial","0","5","6","1","4.513276","0","6"
"/Engine/EditorLandscapeResources/SplineEditorMeshMat.SplineEditorMeshMat","0","10","12","1","13.769265","0","12"
"/Engine/EngineDebugMaterials/M_SimpleUnlitTranslucent.M_SimpleUnlitTranslucent","0","3","3","1","1.097745","0","3"
"/Engine/EditorMaterials/Camera/CineMat.CineMat","0","24","24","1","21.401480","0","24"
"/Engine/VREditor/TransformGizmo/TranslucentTransformGizmoMaterial.TranslucentTransformGizmoMaterial","0","3","3","1","1.357052","0","3"
"/Engine/VREditor/TransformGizmo/Xray.Xray","0","12","12","1","8.779588","0","12"
"/Engine/VREditor/TransformGizmo/Main.Main","0","3","3","1","2.571371","0","3"
"/Game/FX_Effects/FXVarietyPack/Materials/M_ky_empty.M_ky_empty","0","12","12","1","5.594258","0","12"
"/Engine/EngineMaterials/FlattenMaterial_WS_Normal_VT.FlattenMaterial_WS_Normal_VT","0","45","45","1","37.948681","0","45"
"/Engine/EngineMaterials/FlattenMaterial_VT.FlattenMaterial_VT","0","45","45","1","33.513191","0","45"
"/Engine/EngineMaterials/FlattenMaterial.FlattenMaterial","0","66","66","1","18.791672","0","66"
"/Engine/EngineMaterials/M_InvalidLightmapSettings.M_InvalidLightmapSettings","0","24","24","1","19.185440","0","24"
"/Engine/EngineMaterials/EmissiveMeshMaterial.EmissiveMeshMaterial","0","10","10","1","6.953945","0","10"
"/Engine/EngineMaterials/PhAT_JointLimitMaterial.PhAT_JointLimitMaterial","0","8","9","1","7.808005","0","9"
"/ControlRig/M_Manip.M_Manip","0","8","9","1","5.543823","0","9"
"/Engine/VREditor/TransformGizmo/TransformGizmoMaterial.TransformGizmoMaterial","0","2","2","1","1.842733","0","2"
"/HairStrands/Materials/HairDebugMaterial.HairDebugMaterial","0","92","98","1","87.287392","0","98"
"/Engine/EngineMaterials/DefaultDeferredDecalMaterial.DefaultDeferredDecalMaterial","0","109","109","1","97.094299","0","109"
"/Engine/EngineMaterials/DefaultMaterial.DefaultMaterial","0","135","135","1","53.197411","0","135"
"/Game/Weapon_Packs/MilitaryWeapSilver/FX/Materials/M_AssaultRifle_MuzzleFlash_4x1.M_AssaultRifle_MuzzleFlash_4x1","0","9","9","1","4.924045","0","9"
"/ARUtilities/Materials/M_DepthColoration.M_DepthColoration","0","7","7","1","2.579616","0","7"
"/AppleARKit/M_SceneDepthOcclusion.M_SceneDepthOcclusion","0","8","8","1","2.462384","0","8"
"/AppleARKit/M_OcclusionOverlay.M_OcclusionOverlay","0","16","16","2","4.719279","0","16"
"/ARUtilities/Materials/M_PassthroughCamera.M_PassthroughCamera","0","7","7","1","2.443072","0","7"
"/AudioWidgets/AudioMaterialSlate/M_AudioMaterialMeter.M_AudioMaterialMeter","0","13","13","1","4.946071","0","13"
"/AudioWidgets/AudioMaterialSlate/M_AudioMaterialRoundedSlider.M_AudioMaterialRoundedSlider","0","25","27","1","16.357140","0","27"
"/AudioWidgets/AudioMaterialSlate/M_AudioMaterialEnvelope_ADSR.M_AudioMaterialEnvelope_ADSR","0","25","27","1","18.461536","0","27"
"/AudioWidgets/AudioMaterialSlate/M_AudioMaterialKnob.M_AudioMaterialKnob","0","13","13","1","5.443998","0","13"
"/AudioWidgets/AudioMaterialSlate/M_AudioMaterialToggleButton.M_AudioMaterialToggleButton","0","13","13","1","9.366805","0","13"
"/Game/Weapon_Packs/MilitaryWeapSilver/FX/Materials/M_Pistol_Streaks_01.M_Pistol_Streaks_01","0","9","9","1","0.000000","0","9"
"/Game/Template_Characters/First_Person/Character/Materials/M_Mannequin.M_Mannequin","0","78","84","2","35.991806","0","84"
"/Game/Template_Characters/Third_Person/Mannequins/Materials/M_Mannequin.M_Mannequin","0","78","84","2","46.156822","0","84"
"/Game/StarterContent/Materials/M_Basic_Floor.M_Basic_Floor","0","21","21","1","15.306158","0","21"
"/Engine/Tutorial/SubEditors/TutorialAssets/Character/TutorialTPP_Mat.TutorialTPP_Mat","0","36","36","1","28.087355","0","36"
"/Game/Weapon_Packs/FPS_Weapon_Bundle/Weapons/Materials/Master_Material/M_Weapon_Master_USE.M_Weapon_Master_USE","0","69","73","1","58.739529","0","73"
"/Game/LevelPrototyping/Materials/M_PrototypeGrid.M_PrototypeGrid","0","63","63","3","61.439674","0","63"
"/Game/FPWeapon/Materials/BaseMaterial.BaseMaterial","0","45","45","1","33.711403","0","45"
"/Engine/EditorMaterials/GridMaterial.GridMaterial","0","21","21","1","15.809400","0","21"
"/Game/LevelPrototyping/Materials/M_Solid.M_Solid","0","45","45","1","0.000000","0","45"
"/Game/FX_Effects/FXVarietyPack/Materials/M_ky_starDust.M_ky_starDust","0","64","72","2","52.747055","0","72"
"/InterchangeAssets/gltf/M_ClearCoat.M_ClearCoat","0","361","388","6","630.111389","0","388"
"/Game/Weapon_Packs/MilitaryWeapSilver/FX/Materials/M_Pistol_Smoke_2x2_A.M_Pistol_Smoke_2x2_A","0","54","0","1","0.000000","0","0"
"/Game/StarterContent/Particles/Materials/M_radial_ramp.M_radial_ramp","0","12","12","1","7.738822","0","12"
"/Game/FX_Effects/FXVarietyPack/Materials/M_ky_base_anime.M_ky_base_anime","0","24","24","2","15.793133","0","24"
"/InterchangeAssets/gltf/M_Unlit.M_Unlit","0","135","48","6","41.258415","0","48"
"/Game/FX_Effects/FXVarietyPack/Materials/M_ky_auraWall02.M_ky_auraWall02","0","32","32","2","17.446033","0","32"
"/InterchangeAssets/gltf/M_SpecularGlossiness.M_SpecularGlossiness","0","349","364","6","812.171204","0","364"
"/InterchangeAssets/gltf/M_Default.M_Default","0","361","346","6","871.058960","0","346"
"/InterchangeAssets/gltf/M_Transmission.M_Transmission","0","114","60","2","817.367737","0","60"
"/InterchangeAssets/gltf/M_Sheen.M_Sheen","0","349","364","6","658.472351","0","364"
"/Game/FX_Effects/FXVarietyPack/Materials/M_ky_subUV01.M_ky_subUV01","0","20","20","1","13.858772","0","20"
"/Game/StarterContent/Particles/Materials/M_explosion_subUV.M_explosion_subUV","0","9","9","1","5.777163","0","9"
"/Game/FX_Effects/FXVarietyPack/Materials/M_ky_primitive_dyn2.M_ky_primitive_dyn2","0","15","15","1","9.732954","0","15"
"/Game/Weapon_Packs/MilitaryWeapSilver/FX/Materials/M_GlowSphere_01.M_GlowSphere_01","0","12","12","1","7.758257","0","12"
"/Game/StarterContent/Particles/Materials/M_Burst.M_Burst","0","15","15","1","9.973606","0","15"
"/Game/FX_Effects/FXVarietyPack/Materials/M_ky_dust01_4x4.M_ky_dust01_4x4","0","9","9","1","6.255000","0","9"
"/Game/Weapon_Packs/MilitaryWeapSilver/Weapons/Materials/M_WeaponMaster_01.M_WeaponMaster_01","0","45","45","1","44.108494","0","45"
"/Game/StarterContent/Particles/Materials/M_smoke_subUV.M_smoke_subUV","0","54","54","1","47.269642","0","54"
"/Engine/EngineMaterials/PPM_DefaultCalibrationGrayscale.PPM_DefaultCalibrationGrayscale","0","7","7","1","2.525331","0","7"
"/Engine/VREditor/SnapGrid/SnapGridMaterial.SnapGridMaterial","0","10","10","1","8.413200","0","10"
"/ARUtilities/Materials/M_ScreenSpacePassthroughCamera.M_ScreenSpacePassthroughCamera","0","10","12","2","13.096039","0","12"
"/SpeedTreeImporter/SpeedTree9/SpeedTreeMaster.SpeedTreeMaster","0","80","84","1","92.476212","0","84"
"/Engine/EngineMaterials/PPM_DefaultCalibrationColor.PPM_DefaultCalibrationColor","0","7","7","1","1.766422","0","7"
"/Game/Weapon_Packs/MilitaryWeapSilver/FX/Materials/M_Pistol_MuzzleFlash_4x1_A.M_Pistol_MuzzleFlash_4x1_A","0","9","9","1","5.959412","0","9"
"/Game/Weapon_Packs/MilitaryWeapSilver/FX/Materials/M_SparksImpact_2x2_01.M_SparksImpact_2x2_01","0","9","9","1","0.000000","0","9"
"/Game/Weapon_Packs/MilitaryWeapSilver/FX/Materials/M_Ember_Speed_01.M_Ember_Speed_01","0","9","9","1","6.090863","0","9"
"/Engine/EngineMaterials/DefaultTextMaterialOpaque.DefaultTextMaterialOpaque","0","27","0","1","0.000000","0","0"
"/SpeedTreeImporter/SpeedTree9/SpeedTreeBillboardMaster.SpeedTreeBillboardMaster","0","54","0","1","0.000000","0","0"
"/Game/StarterContent/Particles/Materials/m_flare_01.m_flare_01","0","12","12","1","7.608800","0","0"
"/Game/Weapon_Packs/MilitaryWeapSilver/FX/Materials/M_Smoke_8x8_B_01.M_Smoke_8x8_B_01","0","54","54","1","46.867043","0","0"
"/Game/Weapon_Packs/MilitaryWeapDark/Weapons/Materials/M_WeaponMaster_01.M_WeaponMaster_01","0","45","0","1","0.000000","0","0"
"/Engine/EditorMaterials/PreviewShadowIndicatorMaterial.PreviewShadowIndicatorMaterial","0","25","0","1","0.000000","0","0"
"Globals","49","34","0","1","0.000000","0","0"
"/ControlRig/Controls/ControlRigGizmoMaterial.ControlRigGizmoMaterial","49","4","4","1","3.058186","0","4"
"/MeshModelingToolset/Materials/M_DynamicMeshComponentVtxColor.M_DynamicMeshComponentVtxColor","49","18","20","1","15.362516","0","20"
"/Engine/EditorMaterials/PhAT_UnselectedMaterial.PhAT_UnselectedMaterial","49","5","5","1","2.700872","0","5"
"/Engine/EngineDebugMaterials/DebugMeshMaterial.DebugMeshMaterial","49","7","7","1","1.571410","0","7"
"/Engine/EngineMaterials/RemoveSurfaceMaterial.RemoveSurfaceMaterial","49","4","4","1","1.693856","0","4"
"/Engine/EngineMaterials/NaniteHiddenSectionMaterial.NaniteHiddenSectionMaterial","49","29","31","1","14.476172","0","31"
"/Engine/EditorMaterials/PhAT_NoCollisionMaterial.PhAT_NoCollisionMaterial","49","5","5","1","2.006414","0","5"
"/Engine/EngineMaterials/GizmoMaterial.GizmoMaterial","49","7","8","1","1.717482","0","8"
"/Engine/EditorMaterials/Dataflow/DataflowTwoSidedVertexMaterial.DataflowTwoSidedVertexMaterial","49","47","50","1","24.189903","0","50"
"/Engine/BasicShapes/BasicShapeMaterial.BasicShapeMaterial","49","82","82","1","66.881805","0","82"
"/Engine/EditorMaterials/Dataflow/DataflowVertexMaterial.DataflowVertexMaterial","49","38","38","1","17.544113","0","38"
"/HairStrands/Materials/HairMeshesDefaultMaterial.HairMeshesDefaultMaterial","49","62","65","1","37.119495","0","65"
"/ControlRig/Controls/ControlRigXRayMaterial.ControlRigXRayMaterial","49","10","11","1","6.007532","0","11"
"/Engine/EngineMaterials/DefaultLightFunctionMaterial.DefaultLightFunctionMaterial","49","63","63","1","0.000000","0","63"
"/HairStrands/Materials/HairCardsDefaultMaterial.HairCardsDefaultMaterial","49","100","106","1","65.966675","0","106"
"/HairStrands/Materials/HairDefaultMaterial.HairDefaultMaterial","49","62","65","1","0.000000","0","65"
"/Engine/EngineDebugMaterials/DebugEditorMaterial.DebugEditorMaterial","49","7","8","1","4.015988","0","8"
"/Engine/EditorLandscapeResources/SplineEditorMeshMat.SplineEditorMeshMat","49","14","16","1","13.116965","0","16"
"/Engine/EngineDebugMaterials/M_SimpleUnlitTranslucent.M_SimpleUnlitTranslucent","49","5","5","1","1.010870","0","5"
"/Engine/EditorMaterials/Camera/CineMat.CineMat","49","26","26","1","16.415125","0","26"
"/Engine/VREditor/TransformGizmo/TranslucentTransformGizmoMaterial.TranslucentTransformGizmoMaterial","49","5","5","1","3.806335","0","5"
"/Engine/VREditor/TransformGizmo/Xray.Xray","49","14","14","1","9.409048","0","14"
"/Engine/VREditor/TransformGizmo/Main.Main","49","5","5","1","2.331837","0","5"
"/Game/FX_Effects/FXVarietyPack/Materials/M_ky_empty.M_ky_empty","49","14","14","1","3.430676","0","14"
"/Engine/EngineMaterials/EmissiveMeshMaterial.EmissiveMeshMaterial","49","12","12","1","4.745678","0","12"
"/Engine/EngineMaterials/FlattenMaterial_WS_Normal_VT.FlattenMaterial_WS_Normal_VT","49","62","62","1","61.814045","0","62"
"/Engine/EngineMaterials/FlattenMaterial_VT.FlattenMaterial_VT","49","62","62","1","59.457813","0","62"
"/Engine/EngineMaterials/FlattenMaterial.FlattenMaterial","49","83","83","1","52.440914","0","83"
"/Engine/EngineMaterials/M_InvalidLightmapSettings.M_InvalidLightmapSettings","49","28","28","1","13.662941","0","28"
"/Engine/EngineMaterials/PhAT_JointLimitMaterial.PhAT_JointLimitMaterial","49","10","11","1","4.589115","0","11"
"/ControlRig/M_Manip.M_Manip","49","10","11","1","4.225916","0","11"
"/Engine/VREditor/TransformGizmo/TransformGizmoMaterial.TransformGizmoMaterial","49","4","4","1","1.818330","0","4"
"/Engine/EngineDebugMaterials/M_VolumeRenderSphereTracePP.M_VolumeRenderSphereTracePP","49","7","7","1","0.000000","0","7"
"/Engine/EngineMaterials/Widget3DPassThrough.Widget3DPassThrough","49","61","66","6","27.445774","0","66"
"/Engine/EngineMaterials/DefaultPostProcessMaterial.DefaultPostProcessMaterial","49","11","11","1","0.000000","0","11"
"/Engine/EngineMaterials/DefaultMaterial.DefaultMaterial","49","139","139","1","31.603251","0","139"
"/Engine/EngineMaterials/WorldGridMaterial.WorldGridMaterial","49","1341","1364","1","0.000000","0","1364"
"/HairStrands/Materials/HairDebugMaterial.HairDebugMaterial","49","100","106","1","53.199306","0","106"
"/Engine/EngineSky/VolumetricClouds/m_SimpleVolumetricCloud.m_SimpleVolumetricCloud","49","100","100","1","0.000000","0","100"
"/Engine/EngineMaterials/DefaultDeferredDecalMaterial.DefaultDeferredDecalMaterial","49","109","109","1","0.000000","0","109"
"/Game/StarterContent/Particles/Materials/m_flare_01.m_flare_01","49","14","14","1","4.877315","0","0"
"/Engine/EditorMaterials/PreviewShadowIndicatorMaterial.PreviewShadowIndicatorMaterial","49","63","0","1","0.000000","0","0"
"/Engine/EngineMaterials/PPM_DefaultCalibrationColor.PPM_DefaultCalibrationColor","49","7","7","1","1.784389","0","7"
"/Engine/EngineMaterials/PPM_DefaultCalibrationGrayscale.PPM_DefaultCalibrationGrayscale","49","7","7","1","1.778653","0","7"
"/Game/Weapon_Packs/MilitaryWeapDark/Weapons/Materials/M_WeaponMaster_01.M_WeaponMaster_01","49","47","47","1","26.883904","0","0"
"/Game/Weapon_Packs/MilitaryWeapSilver/FX/Materials/M_Ember_Speed_01.M_Ember_Speed_01","49","11","11","1","3.541375","0","11"
"/Game/Weapon_Packs/MilitaryWeapSilver/FX/Materials/M_Smoke_8x8_B_01.M_Smoke_8x8_B_01","49","56","56","1","29.862774","0","0"
"/Game/Weapon_Packs/MilitaryWeapSilver/FX/Materials/M_SparksImpact_2x2_01.M_SparksImpact_2x2_01","49","11","11","1","3.413447","0","11"
"/Engine/EngineMaterials/DefaultTextMaterialOpaque.DefaultTextMaterialOpaque","49","31","33","1","10.582524","0","0"
"/ARUtilities/Materials/M_DepthColoration.M_DepthColoration","49","7","7","1","0.000000","0","7"
"/AppleARKit/M_SceneDepthOcclusion.M_SceneDepthOcclusion","49","8","8","1","0.000000","0","8"
"/AppleARKit/M_OcclusionOverlay.M_OcclusionOverlay","49","16","16","2","0.000000","0","16"
"/ARUtilities/Materials/M_PassthroughCamera.M_PassthroughCamera","49","7","7","1","0.000000","0","7"
"/ARUtilities/Materials/M_ScreenSpacePassthroughCamera.M_ScreenSpacePassthroughCamera","49","14","16","2","9.406722","0","16"
"/Engine/VREditor/SnapGrid/SnapGridMaterial.SnapGridMaterial","49","12","12","1","6.978100","0","12"
"/AudioWidgets/AudioMaterialSlate/M_AudioMaterialMeter.M_AudioMaterialMeter","49","13","13","1","0.000000","0","13"
"/AudioWidgets/AudioMaterialSlate/M_AudioMaterialRoundedSlider.M_AudioMaterialRoundedSlider","49","27","29","1","0.000000","0","29"
"/AudioWidgets/AudioMaterialSlate/M_AudioMaterialEnvelope_ADSR.M_AudioMaterialEnvelope_ADSR","49","27","29","1","0.000000","0","29"
"/AudioWidgets/AudioMaterialSlate/M_AudioMaterialKnob.M_AudioMaterialKnob","49","13","13","1","0.000000","0","13"
"/AudioWidgets/AudioMaterialSlate/M_AudioMaterialToggleButton.M_AudioMaterialToggleButton","49","13","13","1","0.000000","0","13"
"/SpeedTreeImporter/SpeedTree9/SpeedTreeBillboardMaster.SpeedTreeBillboardMaster","49","62","66","1","44.686832","0","0"
"/SpeedTreeImporter/SpeedTree9/SpeedTreeMaster.SpeedTreeMaster","49","88","92","1","62.568630","0","92"
"/Game/StarterContent/Particles/Materials/M_smoke_subUV.M_smoke_subUV","49","56","56","1","30.574205","0","56"
"/Game/Weapon_Packs/MilitaryWeapSilver/FX/Materials/M_AssaultRifle_MuzzleFlash_4x1.M_AssaultRifle_MuzzleFlash_4x1","49","11","11","1","0.000000","0","11"
"/Game/Weapon_Packs/MilitaryWeapSilver/FX/Materials/M_GlowSphere_01.M_GlowSphere_01","49","14","14","1","4.308312","0","14"
"/Game/StarterContent/Particles/Materials/M_Burst.M_Burst","49","17","17","1","4.541106","0","17"
"/Game/Weapon_Packs/MilitaryWeapSilver/Weapons/Materials/M_WeaponMaster_01.M_WeaponMaster_01","49","47","47","1","24.227922","0","47"
"/Game/FX_Effects/FXVarietyPack/Materials/M_ky_primitive_dyn2.M_ky_primitive_dyn2","49","17","17","1","6.693704","0","17"
"/Game/FX_Effects/FXVarietyPack/Materials/M_ky_dust01_4x4.M_ky_dust01_4x4","49","11","11","1","3.562121","0","11"
"/Game/FX_Effects/FXVarietyPack/Materials/M_ky_base_anime.M_ky_base_anime","49","28","28","2","9.434870","0","28"
"/Game/StarterContent/Particles/Materials/M_explosion_subUV.M_explosion_subUV","49","11","11","1","3.457490","0","11"
"/Game/Weapon_Packs/MilitaryWeapSilver/FX/Materials/M_Pistol_MuzzleFlash_4x1_A.M_Pistol_MuzzleFlash_4x1_A","49","11","11","1","0.000000","0","11"
"/Game/Weapon_Packs/MilitaryWeapSilver/FX/Materials/M_Pistol_Smoke_2x2_A.M_Pistol_Smoke_2x2_A","49","56","56","1","23.437632","0","0"
"/Game/StarterContent/Particles/Materials/M_radial_ramp.M_radial_ramp","49","14","14","1","4.112094","0","14"
"/Game/Weapon_Packs/MilitaryWeapSilver/FX/Materials/M_Pistol_Streaks_01.M_Pistol_Streaks_01","49","11","11","1","0.000000","0","11"
"/Game/FX_Effects/FXVarietyPack/Materials/M_ky_auraWall02.M_ky_auraWall02","49","36","36","2","9.870014","0","36"
"/Game/FX_Effects/FXVarietyPack/Materials/M_ky_subUV01.M_ky_subUV01","49","22","22","1","6.991255","0","22"
"/InterchangeAssets/gltf/M_Unlit.M_Unlit","49","241","256","6","236.810303","0","84"
"/Game/Template_Characters/First_Person/Character/Materials/M_Mannequin.M_Mannequin","49","82","88","2","39.741409","14","88"
"/InterchangeAssets/gltf/M_Sheen.M_Sheen","49","397","412","6","246.316559","0","412"
"/InterchangeAssets/gltf/M_ClearCoat.M_ClearCoat","49","409","436","6","257.726318","0","436"
"/InterchangeAssets/gltf/M_Default.M_Default","49","409","436","6","289.877258","0","392"
"/Game/FX_Effects/FXVarietyPack/Materials/M_ky_starDust.M_ky_starDust","49","68","76","2","26.683048","0","76"
"/InterchangeAssets/gltf/M_SpecularGlossiness.M_SpecularGlossiness","49","397","412","6","289.548187","0","412"
"/InterchangeAssets/gltf/M_Transmission.M_Transmission","49","142","142","2","354.917114","0","74"
"/Engine/EditorMaterials/GridMaterial.GridMaterial","49","23","23","1","9.039186","0","23"
"/Game/LevelPrototyping/Materials/M_Solid.M_Solid","49","47","47","1","19.861343","0","47"
"/Game/LevelPrototyping/Materials/M_PrototypeGrid.M_PrototypeGrid","49","69","69","3","32.482090","0","69"
"/Game/FPWeapon/Materials/BaseMaterial.BaseMaterial","49","47","47","1","0.000000","0","47"
"/Engine/Tutorial/SubEditors/TutorialAssets/Character/TutorialTPP_Mat.TutorialTPP_Mat","49","38","38","1","15.261106","0","38"
"/Game/Template_Characters/Third_Person/Mannequins/Materials/M_Mannequin.M_Mannequin","49","82","88","2","0.000000","0","88"
"/Game/Weapon_Packs/FPS_Weapon_Bundle/Weapons/Materials/Master_Material/M_Weapon_Master_USE.M_Weapon_Master_USE","49","71","75","1","31.525385","0","75"
"/Game/StarterContent/Materials/M_Basic_Floor.M_Basic_Floor","49","23","23","1","8.760227","0","23"
